open,close,high,low,volume,time
0.2799,0.2814,0.2818,0.2792,518151.00,1706313600000
0.2806,0.2800,0.2810,0.2792,938446.00,1706310000000
0.2807,0.2805,0.2812,0.2789,673755.00,1706306400000
0.2795,0.2807,0.2815,0.2783,359242.00,1706302800000
0.2817,0.2794,0.2830,0.2787,211039.00,1706299200000
0.2822,0.2817,0.2833,0.2810,206289.00,1706295600000
0.2799,0.2821,0.2829,0.2798,318800.00,1706292000000
0.2808,0.2800,0.2811,0.2787,1036742.00,1706288400000
0.2798,0.2807,0.2818,0.2795,332867.00,1706284800000
0.2797,0.2798,0.2802,0.2785,307977.00,1706281200000
0.2778,0.2798,0.2798,0.2776,335716.00,1706277600000
0.2789,0.2778,0.2820,0.2765,538300.00,1706274000000
0.2795,0.2790,0.2803,0.2773,348238.00,1706270400000
0.2797,0.2795,0.2810,0.2783,420428.00,1706266800000
0.2741,0.2796,0.2799,0.2722,1185752.00,1706263200000
0.2759,0.2742,0.2775,0.2738,389229.00,1706259600000
0.2702,0.2758,0.2766,0.2701,862585.00,1706256000000
0.2692,0.2701,0.2707,0.2677,709085.00,1706252400000
0.2702,0.2691,0.2721,0.2688,1084206.00,1706248800000
0.2692,0.2701,0.2708,0.2679,176253.00,1706245200000
0.2686,0.2692,0.2707,0.2683,347847.00,1706241600000
0.2680,0.2686,0.2694,0.2677,2194890.00,1706238000000
0.2661,0.2680,0.2688,0.2656,415170.00,1706234400000
0.2637,0.2662,0.2666,0.2621,253291.00,1706230800000
0.2643,0.2637,0.2647,0.2620,387852.00,1706227200000
0.2652,0.2643,0.2656,0.2634,161048.00,1706223600000
0.2650,0.2653,0.2659,0.2638,128419.00,1706220000000
0.2653,0.2652,0.2668,0.2640,330880.00,1706216400000
0.2647,0.2652,0.2656,0.2636,638766.00,1706212800000
0.2627,0.2647,0.2660,0.2622,244199.00,1706209200000
0.2617,0.2628,0.2650,0.2611,460010.00,1706205600000
0.2583,0.2617,0.2619,0.2572,272633.00,1706202000000
0.2609,0.2584,0.2617,0.2581,692555.00,1706198400000
0.2636,0.2609,0.2640,0.2600,680124.00,1706194800000
0.2623,0.2637,0.2645,0.2612,258697.00,1706191200000
0.2627,0.2623,0.2641,0.2608,324534.00,1706187600000
0.2664,0.2626,0.2672,0.2608,460428.00,1706184000000
0.2667,0.2664,0.2681,0.2654,239515.00,1706180400000
0.2652,0.2667,0.2670,0.2635,257541.00,1706176800000
0.2666,0.2651,0.2687,0.2649,194862.00,1706173200000
0.2670,0.2667,0.2678,0.2657,241527.00,1706169600000
0.2667,0.2670,0.2674,0.2655,646149.00,1706166000000
0.2648,0.2668,0.2668,0.2637,465399.00,1706162400000
0.2663,0.2647,0.2664,0.2632,254577.00,1706158800000
0.2667,0.2665,0.2678,0.2652,571799.00,1706155200000
0.2658,0.2667,0.2680,0.2656,212568.00,1706151600000
0.2664,0.2658,0.2679,0.2650,191955.00,1706148000000
0.2702,0.2664,0.2703,0.2660,275838.00,1706144400000
0.2708,0.2702,0.2709,0.2689,235272.00,1706140800000
0.2689,0.2707,0.2717,0.2688,201804.00,1706137200000
0.2677,0.2688,0.2694,0.2673,178174.00,1706133600000
0.2657,0.2678,0.2686,0.2657,273987.00,1706130000000
0.2680,0.2659,0.2698,0.2653,260526.00,1706126400000
0.2681,0.2681,0.2688,0.2664,217995.00,1706122800000
0.2705,0.2682,0.2709,0.2657,624829.00,1706119200000
0.2712,0.2705,0.2719,0.2697,462568.00,1706115600000
0.2676,0.2713,0.2718,0.2655,676380.00,1706112000000
0.2641,0.2676,0.2696,0.2632,725297.00,1706108400000
0.2634,0.2641,0.2668,0.2619,771477.00,1706104800000
0.2648,0.2633,0.2656,0.2617,986767.00,1706101200000
0.2679,0.2647,0.2693,0.2646,1448977.00,1706097600000
0.2707,0.2679,0.2710,0.2669,260848.00,1706094000000
0.2688,0.2708,0.2724,0.2681,806746.00,1706090400000
0.2686,0.2688,0.2701,0.2671,217787.00,1706086800000
0.2688,0.2685,0.2705,0.2669,360632.00,1706083200000
0.2678,0.2688,0.2708,0.2663,341927.00,1706079600000
0.2658,0.2677,0.2680,0.2638,378218.00,1706076000000
0.2643,0.2659,0.2670,0.2642,131793.00,1706072400000
0.2651,0.2642,0.2666,0.2642,208792.00,1706068800000
0.2662,0.2652,0.2671,0.2645,140214.00,1706065200000
0.2668,0.2662,0.2683,0.2654,157418.00,1706061600000
0.2730,0.2668,0.2730,0.2667,321561.00,1706058000000
0.2685,0.2730,0.2731,0.2663,417209.00,1706054400000
0.2641,0.2684,0.2690,0.2641,601875.00,1706050800000
0.2625,0.2642,0.2655,0.2616,252323.00,1706047200000
0.2612,0.2626,0.2630,0.2594,983230.00,1706043600000
0.2604,0.2613,0.2634,0.2601,287867.00,1706040000000
0.2611,0.2604,0.2632,0.2600,751594.00,1706036400000
0.2631,0.2611,0.2660,0.2610,749365.00,1706032800000
0.2626,0.2631,0.2649,0.2618,1472404.00,1706029200000
0.2605,0.2624,0.2633,0.2595,726345.00,1706025600000
0.2577,0.2605,0.2631,0.2576,1386232.00,1706022000000
0.2577,0.2577,0.2595,0.2537,2376343.00,1706018400000
0.2629,0.2578,0.2629,0.2574,353407.00,1706014800000
0.2595,0.2629,0.2636,0.2591,853062.00,1706011200000
0.2578,0.2596,0.2600,0.2568,776176.00,1706007600000
0.2597,0.2579,0.2630,0.2576,915200.00,1706004000000
0.2693,0.2598,0.2705,0.2577,3436768.00,1706000400000
0.2774,0.2693,0.2787,0.2664,1556544.00,1705996800000
0.2829,0.2774,0.2843,0.2761,431969.00,1705993200000
0.2842,0.2830,0.2850,0.2822,113683.00,1705989600000
0.2837,0.2840,0.2857,0.2828,337381.00,1705986000000
0.2848,0.2837,0.2863,0.2831,170423.00,1705982400000
0.2859,0.2847,0.2871,0.2835,185507.00,1705978800000
0.2808,0.2858,0.2860,0.2799,158192.00,1705975200000
0.2802,0.2807,0.2820,0.2782,176392.00,1705971600000
0.2815,0.2801,0.2829,0.2762,342286.00,1705968000000
0.2841,0.2816,0.2857,0.2803,375292.00,1705964400000
0.2832,0.2841,0.2865,0.2809,564021.00,1705960800000
0.2868,0.2831,0.2870,0.2829,350459.00,1705957200000
0.2783,0.2869,0.2883,0.2778,624116.00,1705953600000
0.2831,0.2784,0.2847,0.2726,1575655.00,1705950000000
0.2818,0.2830,0.2842,0.2790,861715.00,1705946400000
0.2809,0.2819,0.2831,0.2794,664688.00,1705942800000
0.2836,0.2809,0.2865,0.2797,1840365.00,1705939200000
0.2834,0.2836,0.2841,0.2776,743583.00,1705935600000
0.2881,0.2835,0.2886,0.2799,418725.00,1705932000000
0.2889,0.2882,0.2923,0.2867,364907.00,1705928400000
0.2840,0.2890,0.2899,0.2826,527082.00,1705924800000
0.2811,0.2841,0.2846,0.2807,557700.00,1705921200000
0.2796,0.2810,0.2824,0.2770,623166.00,1705917600000
0.2829,0.2796,0.2848,0.2782,873686.00,1705914000000
0.2862,0.2827,0.2865,0.2805,411580.00,1705910400000
0.2901,0.2863,0.2901,0.2852,253601.00,1705906800000
0.2913,0.2900,0.2918,0.2890,314925.00,1705903200000
0.2838,0.2914,0.2914,0.2821,536468.00,1705899600000
0.2880,0.2838,0.2886,0.2837,523267.00,1705896000000
0.2857,0.2880,0.2893,0.2850,434669.00,1705892400000
0.2858,0.2857,0.2902,0.2830,543093.00,1705888800000
0.2918,0.2858,0.2932,0.2851,788870.00,1705885200000
0.2918,0.2917,0.2943,0.2892,312992.00,1705881600000
0.2937,0.2917,0.2947,0.2906,198411.00,1705878000000
0.2962,0.2936,0.2969,0.2920,436239.00,1705874400000
0.2940,0.2963,0.2965,0.2936,371909.00,1705870800000
0.2969,0.2940,0.2970,0.2936,432074.00,1705867200000
0.2966,0.2970,0.2972,0.2959,106432.00,1705863600000
0.2962,0.2966,0.2971,0.2955,183969.00,1705860000000
0.2951,0.2961,0.2962,0.2943,719096.00,1705856400000
0.2954,0.2950,0.2977,0.2934,925609.00,1705852800000
0.2966,0.2953,0.2979,0.2948,570723.00,1705849200000
0.2976,0.2966,0.2978,0.2954,282551.00,1705845600000
0.2942,0.2976,0.2979,0.2939,427883.00,1705842000000
0.2930,0.2942,0.2948,0.2926,199388.00,1705838400000
0.2954,0.2930,0.2956,0.2924,269494.00,1705834800000
0.2953,0.2956,0.2956,0.2939,292417.00,1705831200000
0.2924,0.2954,0.2954,0.2923,193278.00,1705827600000
0.2939,0.2924,0.2949,0.2920,166487.00,1705824000000
0.2926,0.2939,0.2943,0.2914,145529.00,1705820400000
0.2935,0.2925,0.2943,0.2917,194476.00,1705816800000
0.2943,0.2935,0.2949,0.2923,156751.00,1705813200000
0.2961,0.2944,0.2963,0.2933,168314.00,1705809600000
0.2952,0.2962,0.2982,0.2950,302089.00,1705806000000
0.2929,0.2952,0.2953,0.2925,200646.00,1705802400000
0.2923,0.2928,0.2956,0.2917,346904.00,1705798800000
0.2951,0.2924,0.2956,0.2916,265978.00,1705795200000
0.2950,0.2950,0.2953,0.2936,185755.00,1705791600000
0.2939,0.2951,0.2957,0.2937,260384.00,1705788000000
0.2940,0.2940,0.2968,0.2937,257991.00,1705784400000
0.2946,0.2941,0.2958,0.2932,288497.00,1705780800000
0.2904,0.2946,0.2954,0.2904,213430.00,1705777200000
0.2936,0.2904,0.2936,0.2896,331324.00,1705773600000
0.2934,0.2934,0.2946,0.2904,412207.00,1705770000000
0.2934,0.2933,0.2958,0.2917,533919.00,1705766400000
0.2908,0.2934,0.2990,0.2889,963479.00,1705762800000
0.2911,0.2909,0.2917,0.2882,305917.00,1705759200000
0.2917,0.2910,0.2925,0.2894,208454.00,1705755600000
0.2921,0.2917,0.2953,0.2904,500970.00,1705752000000
0.2891,0.2922,0.2926,0.2886,190153.00,1705748400000
0.2874,0.2890,0.2915,0.2872,211524.00,1705744800000
0.2899,0.2875,0.2911,0.2867,407683.00,1705741200000
0.2886,0.2899,0.2904,0.2875,205591.00,1705737600000
0.2888,0.2886,0.2905,0.2882,202176.00,1705734000000
0.2883,0.2888,0.2906,0.2875,168262.00,1705730400000
0.2886,0.2883,0.2897,0.2866,220229.00,1705726800000
0.2887,0.2887,0.2893,0.2859,273888.00,1705723200000
0.2899,0.2886,0.2904,0.2873,203241.00,1705719600000
0.2921,0.2899,0.2922,0.2880,244131.00,1705716000000
0.2850,0.2921,0.2921,0.2845,364256.00,1705712400000
0.2888,0.2849,0.2888,0.2844,230363.00,1705708800000
0.2883,0.2887,0.2894,0.2872,172297.00,1705705200000
0.2885,0.2883,0.2887,0.2863,153344.00,1705701600000
0.2866,0.2885,0.2890,0.2862,275915.00,1705698000000
0.2887,0.2865,0.2905,0.2859,325103.00,1705694400000
0.2872,0.2887,0.2894,0.2840,378417.00,1705690800000
0.2824,0.2872,0.2875,0.2802,586557.00,1705687200000
0.2761,0.2825,0.2831,0.2746,914288.00,1705683600000
0.2851,0.2762,0.2864,0.2735,1893824.00,1705680000000
0.2864,0.2851,0.2869,0.2822,807968.00,1705676400000
0.2937,0.2862,0.2944,0.2847,1518616.00,1705672800000
0.2937,0.2939,0.2946,0.2922,246934.00,1705669200000
0.2949,0.2937,0.2951,0.2927,264418.00,1705665600000
0.2958,0.2949,0.2965,0.2937,309872.00,1705662000000
0.2953,0.2956,0.2967,0.2931,606649.00,1705658400000
0.2933,0.2954,0.2987,0.2929,854780.00,1705654800000
0.2945,0.2934,0.2946,0.2916,275752.00,1705651200000
0.2968,0.2945,0.2980,0.2941,374498.00,1705647600000
0.2959,0.2967,0.2975,0.2957,267190.00,1705644000000
0.2956,0.2959,0.2976,0.2949,169754.00,1705640400000
0.2962,0.2955,0.2974,0.2949,176720.00,1705636800000
0.2942,0.2962,0.2963,0.2894,647736.00,1705633200000
0.2989,0.2942,0.3001,0.2938,651119.00,1705629600000
0.3012,0.2990,0.3013,0.2956,583349.00,1705626000000
0.3048,0.3013,0.3050,0.2990,472058.00,1705622400000
0.3064,0.3047,0.3064,0.3037,205401.00,1705618800000
0.3059,0.3064,0.3069,0.3040,221463.00,1705615200000
0.3037,0.3059,0.3075,0.3033,323923.00,1705611600000
0.3012,0.3038,0.3061,0.2992,588162.00,1705608000000
0.3087,0.3011,0.3098,0.2983,1184077.00,1705604400000
0.3082,0.3084,0.3094,0.3045,792586.00,1705600800000
0.3117,0.3081,0.3125,0.3062,1061668.00,1705597200000
0.3202,0.3116,0.3204,0.3068,2560451.00,1705593600000
0.3227,0.3202,0.3232,0.3191,287261.00,1705590000000
0.3210,0.3226,0.3229,0.3196,331719.00,1705586400000
0.3225,0.3210,0.3238,0.3192,702870.00,1705582800000
0.3288,0.3225,0.3295,0.3207,988761.00,1705579200000
0.3277,0.3286,0.3310,0.3264,510735.00,1705575600000
0.3339,0.3278,0.3341,0.3270,619573.00,1705572000000
0.3320,0.3339,0.3367,0.3315,669194.00,1705568400000
0.3294,0.3320,0.3336,0.3291,593853.00,1705564800000
0.3277,0.3294,0.3296,0.3269,354068.00,1705561200000
0.3250,0.3278,0.3290,0.3250,416073.00,1705557600000
0.3224,0.3250,0.3250,0.3212,547621.00,1705554000000
0.3259,0.3224,0.3278,0.3222,617904.00,1705550400000
0.3279,0.3258,0.3301,0.3253,465239.00,1705546800000
0.3264,0.3279,0.3310,0.3263,471908.00,1705543200000
0.3329,0.3264,0.3345,0.3245,1704637.00,1705539600000
0.3377,0.3328,0.3430,0.3320,1502433.00,1705536000000
0.3438,0.3378,0.3438,0.3369,564005.00,1705532400000
0.3442,0.3437,0.3450,0.3387,474458.00,1705528800000
0.3454,0.3446,0.3490,0.3437,574470.00,1705525200000
0.3431,0.3455,0.3467,0.3428,731758.00,1705521600000
0.3453,0.3432,0.3473,0.3407,1039537.00,1705518000000
0.3520,0.3453,0.3528,0.3427,1837553.00,1705514400000
0.3499,0.3522,0.3544,0.3447,1854766.00,1705510800000
0.3459,0.3499,0.3540,0.3454,3214834.00,1705507200000
0.3483,0.3457,0.3577,0.3451,3752675.00,1705503600000
0.3453,0.3482,0.3510,0.3421,1470658.00,1705500000000
0.3461,0.3453,0.3464,0.3393,1660864.00,1705496400000
0.3432,0.3461,0.3489,0.3379,2158852.00,1705492800000
0.3371,0.3431,0.3439,0.3367,1631799.00,1705489200000
0.3351,0.3370,0.3386,0.3338,876578.00,1705485600000
0.3306,0.3350,0.3396,0.3304,1690871.00,1705482000000
0.3293,0.3305,0.3343,0.3267,918665.00,1705478400000
0.3337,0.3293,0.3356,0.3282,613620.00,1705474800000
0.3323,0.3337,0.3350,0.3303,467134.00,1705471200000
0.3365,0.3326,0.3398,0.3320,800938.00,1705467600000
0.3334,0.3365,0.3373,0.3315,484607.00,1705464000000
0.3347,0.3334,0.3368,0.3322,331283.00,1705460400000
0.3332,0.3348,0.3352,0.3304,366976.00,1705456800000
0.3360,0.3333,0.3370,0.3323,366288.00,1705453200000
0.3301,0.3359,0.3361,0.3290,362567.00,1705449600000
0.3301,0.3302,0.3320,0.3288,286356.00,1705446000000
0.3352,0.3301,0.3353,0.3299,377530.00,1705442400000
0.3331,0.3352,0.3367,0.3328,534437.00,1705438800000
0.3254,0.3332,0.3357,0.3250,660539.00,1705435200000
0.3228,0.3254,0.3264,0.3216,337184.00,1705431600000
0.3233,0.3228,0.3270,0.3224,281488.00,1705428000000
0.3265,0.3232,0.3274,0.3224,336436.00,1705424400000
0.3232,0.3267,0.3267,0.3208,719481.00,1705420800000
0.3152,0.3231,0.3248,0.3128,788352.00,1705417200000
0.3161,0.3153,0.3180,0.3085,1123686.00,1705413600000
0.3213,0.3162,0.3232,0.3159,632982.00,1705410000000
0.3236,0.3214,0.3265,0.3202,474583.00,1705406400000
0.3252,0.3236,0.3276,0.3220,887674.00,1705402800000
0.3310,0.3252,0.3329,0.3251,945524.00,1705399200000
0.3244,0.3311,0.3330,0.3239,1331047.00,1705395600000
0.3214,0.3244,0.3247,0.3200,376110.00,1705392000000
0.3196,0.3214,0.3240,0.3167,461689.00,1705388400000
0.3205,0.3196,0.3212,0.3163,613942.00,1705384800000
0.3242,0.3204,0.3275,0.3202,562609.00,1705381200000
0.3258,0.3242,0.3304,0.3217,826776.00,1705377600000
0.3203,0.3260,0.3263,0.3194,863066.00,1705374000000
0.3212,0.3202,0.3245,0.3184,561542.00,1705370400000
0.3157,0.3211,0.3220,0.3156,738501.00,1705366800000
0.3120,0.3157,0.3165,0.3107,300060.00,1705363200000
0.3142,0.3120,0.3152,0.3113,234371.00,1705359600000
0.3130,0.3143,0.3173,0.3088,495685.00,1705356000000
0.3150,0.3130,0.3151,0.3120,221667.00,1705352400000
0.3180,0.3150,0.3200,0.3139,387329.00,1705348800000
0.3143,0.3179,0.3192,0.3132,349263.00,1705345200000
0.3114,0.3143,0.3183,0.3098,759439.00,1705341600000
0.3102,0.3113,0.3121,0.3077,270283.00,1705338000000
0.3069,0.3102,0.3110,0.3056,563229.00,1705334400000
0.3076,0.3069,0.3094,0.3054,725473.00,1705330800000
0.3169,0.3076,0.3180,0.3064,1084974.00,1705327200000
0.3134,0.3168,0.3199,0.3125,985398.00,1705323600000
0.3075,0.3134,0.3153,0.3072,759075.00,1705320000000
0.3070,0.3075,0.3083,0.3052,260073.00,1705316400000
0.3057,0.3071,0.3071,0.3034,221397.00,1705312800000
0.3058,0.3057,0.3063,0.3039,269678.00,1705309200000
0.3082,0.3059,0.3085,0.3042,295296.00,1705305600000
0.3083,0.3081,0.3090,0.3060,223610.00,1705302000000
0.3093,0.3083,0.3094,0.3061,211839.00,1705298400000
0.3080,0.3092,0.3101,0.3074,222251.00,1705294800000
0.3088,0.3080,0.3109,0.3053,314782.00,1705291200000
0.3118,0.3087,0.3161,0.3076,940501.00,1705287600000
0.3065,0.3118,0.3119,0.3050,422402.00,1705284000000
0.3003,0.3066,0.3087,0.2996,484297.00,1705280400000
0.2944,0.3002,0.3003,0.2940,309802.00,1705276800000
0.3002,0.2943,0.3010,0.2935,559278.00,1705273200000
0.3033,0.3002,0.3050,0.2999,823984.00,1705269600000
0.3011,0.3034,0.3035,0.2984,219595.00,1705266000000
0.2991,0.3011,0.3037,0.2967,314701.00,1705262400000
0.3043,0.2991,0.3044,0.2983,629826.00,1705258800000
0.3058,0.3044,0.3070,0.3024,183036.00,1705255200000
0.3040,0.3058,0.3063,0.3030,154652.00,1705251600000
0.3059,0.3040,0.3068,0.3020,298177.00,1705248000000
0.3054,0.3058,0.3075,0.3048,137035.00,1705244400000
0.3062,0.3054,0.3082,0.3050,309136.00,1705240800000
0.3040,0.3063,0.3072,0.3040,249363.00,1705237200000
0.3082,0.3040,0.3095,0.3040,366114.00,1705233600000
0.3077,0.3082,0.3090,0.3061,208327.00,1705230000000
0.3124,0.3076,0.3127,0.3073,219804.00,1705226400000
0.3131,0.3125,0.3133,0.3100,226027.00,1705222800000
0.3129,0.3130,0.3140,0.3100,298415.00,1705219200000
0.3132,0.3129,0.3141,0.3098,379533.00,1705215600000
0.3139,0.3132,0.3180,0.3129,463254.00,1705212000000
0.3058,0.3139,0.3139,0.3058,213732.00,1705208400000
0.3102,0.3058,0.3118,0.3052,340436.00,1705204800000
0.3082,0.3104,0.3138,0.3062,477137.00,1705201200000
0.3037,0.3082,0.3088,0.3014,297069.00,1705197600000
0.3023,0.3037,0.3044,0.3019,185277.00,1705194000000
0.3077,0.3024,0.3081,0.3016,257424.00,1705190400000
0.3104,0.3077,0.3104,0.3063,132498.00,1705186800000
0.3094,0.3103,0.3104,0.3074,122636.00,1705183200000
0.3084,0.3095,0.3097,0.3070,140999.00,1705179600000
0.3084,0.3085,0.3092,0.3065,143494.00,1705176000000
0.3068,0.3084,0.3097,0.3068,216602.00,1705172400000
0.3056,0.3069,0.3069,0.3039,257232.00,1705168800000
0.3055,0.3058,0.3069,0.3037,188577.00,1705165200000
0.3085,0.3055,0.3087,0.3049,286033.00,1705161600000
0.3052,0.3084,0.3097,0.3048,465112.00,1705158000000
0.3051,0.3053,0.3077,0.3037,384469.00,1705154400000
0.3041,0.3051,0.3072,0.3029,442601.00,1705150800000
0.3065,0.3042,0.3068,0.3025,457895.00,1705147200000
0.3078,0.3065,0.3090,0.3051,543861.00,1705143600000
0.3122,0.3077,0.3127,0.3071,787050.00,1705140000000
0.3129,0.3121,0.3193,0.3115,1620758.00,1705136400000
0.3056,0.3128,0.3156,0.3050,595065.00,1705132800000
0.3052,0.3056,0.3082,0.3041,311074.00,1705129200000
0.3027,0.3052,0.3054,0.3026,189085.00,1705125600000
0.2992,0.3028,0.3042,0.2985,276271.00,1705122000000
0.3034,0.2992,0.3039,0.2986,238170.00,1705118400000
0.3017,0.3035,0.3044,0.2998,162785.00,1705114800000
0.2989,0.3016,0.3046,0.2981,211879.00,1705111200000
0.2969,0.2990,0.3002,0.2900,467008.00,1705107600000
0.3039,0.2969,0.3068,0.2969,309779.00,1705104000000
0.2996,0.3039,0.3050,0.2992,275050.00,1705100400000
0.3036,0.2995,0.3040,0.2928,1182106.00,1705096800000
0.3108,0.3035,0.3118,0.2997,537295.00,1705093200000
0.3085,0.3108,0.3119,0.3080,195733.00,1705089600000
0.3093,0.3086,0.3109,0.3071,196786.00,1705086000000
0.3083,0.3094,0.3108,0.3056,350394.00,1705082400000
0.3069,0.3082,0.3090,0.2961,1295423.00,1705078800000
0.3110,0.3069,0.3162,0.3033,1131728.00,1705075200000
0.3163,0.3110,0.3178,0.3088,1067927.00,1705071600000
0.3198,0.3162,0.3200,0.3133,870193.00,1705068000000
0.3218,0.3198,0.3237,0.3187,427478.00,1705064400000
0.3234,0.3219,0.3298,0.3182,1505251.00,1705060800000
0.3180,0.3235,0.3254,0.3179,907276.00,1705057200000
0.3147,0.3180,0.3184,0.3146,563812.00,1705053600000
0.3138,0.3147,0.3150,0.3083,641423.00,1705050000000
0.3144,0.3138,0.3146,0.3086,500542.00,1705046400000
0.3145,0.3145,0.3166,0.3118,409886.00,1705042800000
0.3176,0.3146,0.3189,0.3144,257420.00,1705039200000
0.3137,0.3175,0.3187,0.3134,190873.00,1705035600000
0.3137,0.3137,0.3184,0.3124,320570.00,1705032000000
0.3180,0.3139,0.3195,0.3138,338181.00,1705028400000
0.3129,0.3179,0.3190,0.3126,368283.00,1705024800000
0.3162,0.3130,0.3166,0.3103,569425.00,1705021200000
0.3185,0.3162,0.3216,0.3140,553520.00,1705017600000
0.3175,0.3185,0.3199,0.3160,454361.00,1705014000000
0.3133,0.3175,0.3177,0.3123,280232.00,1705010400000
0.3116,0.3133,0.3160,0.3113,169481.00,1705006800000
0.3159,0.3117,0.3183,0.3105,329375.00,1705003200000
0.3138,0.3159,0.3164,0.3115,265219.00,1704999600000
0.3155,0.3137,0.3155,0.3121,307320.00,1704996000000
0.3104,0.3154,0.3156,0.3076,583857.00,1704992400000
0.3076,0.3104,0.3109,0.3008,662610.00,1704988800000
0.3154,0.3077,0.3156,0.3022,1041411.00,1704985200000
0.3149,0.3154,0.3188,0.3107,886567.00,1704981600000
0.3174,0.3149,0.3217,0.3130,926946.00,1704978000000
0.3163,0.3175,0.3198,0.3142,462053.00,1704974400000
0.3156,0.3164,0.3174,0.3142,383010.00,1704970800000
0.3112,0.3158,0.3197,0.3109,938303.00,1704967200000
0.3073,0.3112,0.3157,0.3059,759135.00,1704963600000
0.3040,0.3072,0.3107,0.3023,926258.00,1704960000000
0.2986,0.3040,0.3048,0.2983,220399.00,1704956400000
0.3018,0.2987,0.3023,0.2956,435889.00,1704952800000
0.3020,0.3019,0.3038,0.2990,445267.00,1704949200000
0.3052,0.3021,0.3078,0.3005,747203.00,1704945600000
0.2996,0.3052,0.3085,0.2987,1231182.00,1704942000000
0.2961,0.2996,0.2998,0.2953,236246.00,1704938400000
0.2980,0.2960,0.2989,0.2942,317946.00,1704934800000
0.2923,0.2981,0.2984,0.2895,552290.00,1704931200000
0.2961,0.2923,0.2999,0.2905,1341006.00,1704927600000
0.2887,0.2960,0.2962,0.2877,917144.00,1704924000000
0.2774,0.2887,0.2891,0.2760,1187191.00,1704920400000
0.2749,0.2776,0.2783,0.2676,1382234.00,1704916800000
0.2737,0.2749,0.2759,0.2717,474680.00,1704913200000
0.2728,0.2737,0.2752,0.2711,469675.00,1704909600000
0.2678,0.2728,0.2739,0.2672,238777.00,1704906000000
0.2714,0.2678,0.2762,0.2675,694997.00,1704902400000
0.2621,0.2717,0.2719,0.2607,761407.00,1704898800000
0.2642,0.2620,0.2663,0.2616,328139.00,1704895200000
0.2635,0.2642,0.2668,0.2613,732396.00,1704891600000
0.2743,0.2633,0.2743,0.2599,1318011.00,1704888000000
0.2739,0.2742,0.2763,0.2713,369391.00,1704884400000
0.2763,0.2739,0.2777,0.2733,487985.00,1704880800000
0.2687,0.2763,0.2765,0.2661,596048.00,1704877200000
0.2692,0.2686,0.2711,0.2648,553663.00,1704873600000
0.2718,0.2693,0.2723,0.2671,295193.00,1704870000000
0.2714,0.2718,0.2728,0.2694,365902.00,1704866400000
0.2694,0.2713,0.2717,0.2684,271221.00,1704862800000
0.2707,0.2694,0.2721,0.2686,208052.00,1704859200000
0.2686,0.2706,0.2734,0.2682,333084.00,1704855600000
0.2736,0.2687,0.2746,0.2684,337006.00,1704852000000
0.2710,0.2736,0.2736,0.2700,313929.00,1704848400000
0.2699,0.2711,0.2728,0.2677,335826.00,1704844800000
0.2683,0.2700,0.2700,0.2657,213660.00,1704841200000
0.2622,0.2683,0.2707,0.2610,561998.00,1704837600000
0.2567,0.2623,0.2679,0.2566,2933660.00,1704834000000
0.2616,0.2567,0.2625,0.2561,468787.00,1704830400000
0.2648,0.2616,0.2650,0.2579,441718.00,1704826800000
0.2605,0.2648,0.2652,0.2590,674260.00,1704823200000
0.2626,0.2605,0.2631,0.2600,494419.00,1704819600000
0.2642,0.2626,0.2655,0.2600,634194.00,1704816000000
0.2611,0.2641,0.2660,0.2596,874830.00,1704812400000
0.2660,0.2612,0.2674,0.2612,658537.00,1704808800000
0.2621,0.2660,0.2674,0.2615,723923.00,1704805200000
0.2676,0.2621,0.2695,0.2580,1907774.00,1704801600000
0.2690,0.2676,0.2711,0.2668,629201.00,1704798000000
0.2686,0.2691,0.2711,0.2674,532575.00,1704794400000
0.2727,0.2686,0.2740,0.2680,682140.00,1704790800000
0.2792,0.2726,0.2794,0.2724,407551.00,1704787200000
0.2796,0.2792,0.2803,0.2779,170713.00,1704783600000
0.2804,0.2796,0.2813,0.2773,234247.00,1704780000000
0.2818,0.2804,0.2830,0.2769,595560.00,1704776400000
0.2789,0.2818,0.2836,0.2783,911136.00,1704772800000
0.2818,0.2790,0.2819,0.2784,300341.00,1704769200000
0.2824,0.2817,0.2830,0.2804,246505.00,1704765600000
0.2843,0.2824,0.2853,0.2801,284725.00,1704762000000
0.2883,0.2844,0.2902,0.2799,762623.00,1704758400000
0.2887,0.2883,0.2897,0.2871,296514.00,1704754800000
0.2848,0.2888,0.2888,0.2841,243832.00,1704751200000
0.2835,0.2849,0.2867,0.2831,229660.00,1704747600000
0.2867,0.2835,0.2872,0.2818,327253.00,1704744000000
0.2851,0.2867,0.2874,0.2820,361061.00,1704740400000
0.2818,0.2851,0.2868,0.2813,615178.00,1704736800000
0.2778,0.2817,0.2818,0.2771,305682.00,1704733200000
0.2811,0.2778,0.2823,0.2772,321999.00,1704729600000
0.2793,0.2811,0.2839,0.2782,781742.00,1704726000000
0.2777,0.2793,0.2815,0.2767,534879.00,1704722400000
0.2809,0.2776,0.2820,0.2768,444823.00,1704718800000
0.2765,0.2808,0.2813,0.2763,705008.00,1704715200000
0.2750,0.2764,0.2765,0.2731,303509.00,1704711600000
0.2711,0.2750,0.2756,0.2698,332311.00,1704708000000
0.2720,0.2712,0.2740,0.2700,450561.00,1704704400000
0.2746,0.2721,0.2768,0.2716,381948.00,1704700800000
0.2752,0.2746,0.2790,0.2726,556470.00,1704697200000
0.2731,0.2752,0.2787,0.2724,878405.00,1704693600000
0.2731,0.2732,0.2744,0.2702,513743.00,1704690000000
0.2698,0.2732,0.2739,0.2680,477224.00,1704686400000
0.2674,0.2698,0.2713,0.2593,1401329.00,1704682800000
0.2766,0.2673,0.2783,0.2617,2013168.00,1704679200000
0.2752,0.2765,0.2801,0.2740,945811.00,1704675600000
0.2799,0.2746,0.2801,0.2729,837596.00,1704672000000
0.2785,0.2800,0.2817,0.2752,683369.00,1704668400000
0.2864,0.2784,0.2865,0.2766,1365394.00,1704664800000
0.2893,0.2864,0.2897,0.2860,225191.00,1704661200000
0.2912,0.2892,0.2913,0.2887,335138.00,1704657600000
0.2892,0.2912,0.2913,0.2892,185162.00,1704654000000
0.2889,0.2893,0.2907,0.2882,185371.00,1704650400000
0.2873,0.2889,0.2912,0.2861,616305.00,1704646800000
0.2902,0.2874,0.2917,0.2855,733193.00,1704643200000
0.2948,0.2903,0.2958,0.2888,788045.00,1704639600000
0.2992,0.2948,0.2994,0.2942,494654.00,1704636000000
0.2954,0.2991,0.3006,0.2945,713869.00,1704632400000
0.3000,0.2954,0.3010,0.2952,571194.00,1704628800000
0.3002,0.3001,0.3018,0.2962,1677876.00,1704625200000
0.3054,0.3004,0.3078,0.2992,1192807.00,1704621600000
0.3074,0.3054,0.3103,0.3034,713112.00,1704618000000
0.3165,0.3074,0.3172,0.3072,628916.00,1704614400000
0.3131,0.3165,0.3198,0.3131,711540.00,1704610800000
0.3156,0.3132,0.3170,0.3116,404731.00,1704607200000
0.3203,0.3156,0.3211,0.3151,496889.00,1704603600000
0.3161,0.3203,0.3224,0.3127,842594.00,1704600000000
0.3169,0.3161,0.3211,0.3144,783031.00,1704596400000
0.3112,0.3169,0.3188,0.3112,643070.00,1704592800000
0.3092,0.3113,0.3167,0.3088,582046.00,1704589200000
0.3039,0.3091,0.3107,0.3021,409135.00,1704585600000
0.3056,0.3039,0.3059,0.3009,278036.00,1704582000000
0.3072,0.3055,0.3073,0.3017,247649.00,1704578400000
0.3088,0.3072,0.3096,0.3057,280466.00,1704574800000
0.3066,0.3089,0.3098,0.3048,319992.00,1704571200000
0.3053,0.3067,0.3080,0.3014,632590.00,1704567600000
0.3117,0.3054,0.3129,0.3050,632647.00,1704564000000
0.3135,0.3116,0.3187,0.3097,1403523.00,1704560400000
0.3044,0.3134,0.3134,0.3022,1024138.00,1704556800000
0.3000,0.3042,0.3053,0.2990,650928.00,1704553200000
0.2991,0.3001,0.3015,0.2976,804518.00,1704549600000
0.2992,0.2991,0.3017,0.2961,629650.00,1704546000000
0.2969,0.2991,0.3045,0.2964,1536944.00,1704542400000
0.2914,0.2969,0.2971,0.2896,459459.00,1704538800000
0.2896,0.2915,0.2922,0.2874,488305.00,1704535200000
0.2916,0.2895,0.2927,0.2891,574000.00,1704531600000
0.2914,0.2917,0.2919,0.2868,793565.00,1704528000000
0.2854,0.2915,0.2920,0.2822,1016350.00,1704524400000
0.2980,0.2853,0.3001,0.2837,2134071.00,1704520800000
0.3030,0.2980,0.3087,0.2951,2325479.00,1704517200000
0.3100,0.3030,0.3118,0.3026,654910.00,1704513600000
0.3149,0.3099,0.3149,0.3081,477706.00,1704510000000
0.3167,0.3148,0.3213,0.3133,536850.00,1704506400000
0.3198,0.3166,0.3236,0.3139,1081674.00,1704502800000
0.3174,0.3198,0.3219,0.3123,1190087.00,1704499200000
0.3057,0.3173,0.3173,0.3056,832859.00,1704495600000
0.3052,0.3056,0.3060,0.3032,274085.00,1704492000000
0.3077,0.3051,0.3077,0.3009,752318.00,1704488400000
0.3051,0.3077,0.3090,0.3038,337651.00,1704484800000
0.3047,0.3050,0.3080,0.3032,258581.00,1704481200000
0.3049,0.3047,0.3081,0.3032,439788.00,1704477600000
0.3059,0.3048,0.3088,0.3014,1322533.00,1704474000000
0.3119,0.3059,0.3136,0.3050,622357.00,1704470400000
0.3084,0.3119,0.3123,0.3043,1254333.00,1704466800000
0.3119,0.3082,0.3140,0.3061,1695435.00,1704463200000
0.3106,0.3120,0.3142,0.3097,810462.00,1704459600000
0.3138,0.3105,0.3150,0.3070,2122386.00,1704456000000
0.3218,0.3139,0.3238,0.3137,1517375.00,1704452400000
0.3301,0.3218,0.3304,0.3190,1133410.00,1704448800000
0.3282,0.3302,0.3329,0.3276,642531.00,1704445200000
0.3284,0.3281,0.3336,0.3281,579621.00,1704441600000
0.3315,0.3285,0.3330,0.3263,765421.00,1704438000000
0.3341,0.3314,0.3360,0.3300,455469.00,1704434400000
0.3332,0.3340,0.3379,0.3326,528670.00,1704430800000
0.3374,0.3332,0.3412,0.3321,1350921.00,1704427200000
0.3357,0.3374,0.3413,0.3346,990317.00,1704423600000
0.3308,0.3358,0.3395,0.3284,1181649.00,1704420000000
0.3359,0.3309,0.3369,0.3191,3193564.00,1704416400000
0.3398,0.3358,0.3417,0.3355,860629.00,1704412800000
0.3424,0.3398,0.3447,0.3386,586114.00,1704409200000
0.3477,0.3424,0.3482,0.3398,812667.00,1704405600000
0.3497,0.3476,0.3532,0.3450,714306.00,1704402000000
0.3521,0.3497,0.3539,0.3487,841028.00,1704398400000
0.3467,0.3520,0.3527,0.3466,622956.00,1704394800000
0.3509,0.3467,0.3533,0.3460,1114182.00,1704391200000
0.3530,0.3510,0.3589,0.3508,1248599.00,1704387600000
0.3501,0.3531,0.3554,0.3468,1670328.00,1704384000000
0.3447,0.3501,0.3524,0.3446,1460603.00,1704380400000
0.3415,0.3447,0.3455,0.3375,1346026.00,1704376800000
0.3435,0.3415,0.3470,0.3401,1319983.00,1704373200000
0.3431,0.3433,0.3467,0.3391,1443222.00,1704369600000
0.3410,0.3430,0.3468,0.3362,1570571.00,1704366000000
0.3583,0.3409,0.3595,0.3406,2431792.00,1704362400000
0.3523,0.3582,0.3618,0.3476,1712809.00,1704358800000
0.3527,0.3523,0.3607,0.3459,3099259.00,1704355200000
0.3564,0.3524,0.3636,0.3509,2300474.00,1704351600000
0.3486,0.3564,0.3688,0.3473,3142526.00,1704348000000
0.3453,0.3487,0.3599,0.3414,2502797.00,1704344400000
0.3442,0.3453,0.3583,0.3399,6292286.00,1704340800000
0.3294,0.3442,0.3444,0.3280,1329508.00,1704337200000
0.3209,0.3293,0.3337,0.3209,983325.00,1704333600000
0.3267,0.3209,0.3273,0.3149,1436982.00,1704330000000
0.3350,0.3268,0.3359,0.3251,1658389.00,1704326400000
0.3275,0.3352,0.3356,0.3232,1131633.00,1704322800000
0.3328,0.3276,0.3346,0.3252,977891.00,1704319200000
0.3325,0.3327,0.3354,0.3287,797377.00,1704315600000
0.3289,0.3324,0.3347,0.3242,1218644.00,1704312000000
0.3186,0.3289,0.3317,0.3183,1180759.00,1704308400000
0.3243,0.3186,0.3283,0.3143,1297041.00,1704304800000
0.3173,0.3245,0.3297,0.3153,1620817.00,1704301200000
0.3272,0.3175,0.3319,0.3140,4073665.00,1704297600000
0.3025,0.3272,0.3369,0.3010,6040166.00,1704294000000
0.3149,0.3025,0.3152,0.2958,4127851.00,1704290400000
0.2834,0.3153,0.3188,0.2781,8993349.00,1704286800000
0.3169,0.2833,0.3173,0.2471,11686916.00,1704283200000
0.3272,0.3167,0.3277,0.3136,1689335.00,1704279600000
0.3248,0.3272,0.3308,0.3246,712737.00,1704276000000
0.3213,0.3248,0.3271,0.3209,425485.00,1704272400000
0.3202,0.3214,0.3233,0.3194,271232.00,1704268800000
0.3241,0.3201,0.3254,0.3191,801166.00,1704265200000
0.3213,0.3242,0.3260,0.3208,320557.00,1704261600000
0.3218,0.3214,0.3230,0.3196,305585.00,1704258000000
0.3200,0.3219,0.3219,0.3179,867193.00,1704254400000
0.3131,0.3200,0.3200,0.3124,754570.00,1704250800000
0.3132,0.3131,0.3149,0.3124,128503.00,1704247200000
0.3109,0.3132,0.3134,0.3100,188604.00,1704243600000
0.3082,0.3109,0.3111,0.3075,211873.00,1704240000000
0.3081,0.3083,0.3093,0.3061,136091.00,1704236400000
0.3068,0.3080,0.3088,0.3063,115901.00,1704232800000
0.3041,0.3069,0.3073,0.3034,266127.00,1704229200000
0.3074,0.3040,0.3098,0.3037,306203.00,1704225600000
0.3075,0.3073,0.3100,0.3059,192280.00,1704222000000
0.3099,0.3074,0.3110,0.3071,247070.00,1704218400000
0.3111,0.3099,0.3115,0.3079,290232.00,1704214800000
0.3098,0.3110,0.3114,0.3078,341524.00,1704211200000
0.3093,0.3099,0.3129,0.3057,593421.00,1704207600000
0.3169,0.3092,0.3182,0.3081,776696.00,1704204000000
0.3153,0.3169,0.3186,0.3147,211958.00,1704200400000
0.3176,0.3154,0.3188,0.3153,223128.00,1704196800000
0.3201,0.3177,0.3209,0.3150,452377.00,1704193200000
0.3219,0.3201,0.3229,0.3191,479373.00,1704189600000
0.3222,0.3219,0.3233,0.3206,408702.00,1704186000000
0.3177,0.3222,0.3225,0.3167,360515.00,1704182400000
0.3173,0.3177,0.3196,0.3172,232970.00,1704178800000
0.3196,0.3174,0.3198,0.3171,302933.00,1704175200000
0.3215,0.3196,0.3228,0.3181,317256.00,1704171600000
0.3251,0.3215,0.3252,0.3201,502634.00,1704168000000
0.3271,0.3251,0.3282,0.3238,871864.00,1704164400000
0.3251,0.3271,0.3289,0.3240,640664.00,1704160800000
0.3148,0.3251,0.3265,0.3146,1139074.00,1704157200000
0.3122,0.3148,0.3151,0.3079,337076.00,1704153600000
0.3091,0.3122,0.3123,0.3087,157955.00,1704150000000
0.3079,0.3090,0.3092,0.3062,176367.00,1704146400000
0.3079,0.3080,0.3082,0.3060,168363.00,1704142800000
0.3096,0.3078,0.3111,0.3071,343393.00,1704139200000
0.3054,0.3096,0.3101,0.3051,183550.00,1704135600000
0.3024,0.3055,0.3061,0.3023,221076.00,1704132000000
0.3017,0.3025,0.3026,0.3007,136303.00,1704128400000
0.3023,0.3016,0.3032,0.3006,222162.00,1704124800000
0.3006,0.3022,0.3024,0.2999,220814.00,1704121200000
0.3009,0.3006,0.3015,0.2982,165323.00,1704117600000
0.2967,0.3008,0.3009,0.2961,280470.00,1704114000000
0.2952,0.2968,0.2974,0.2945,185686.00,1704110400000
0.2940,0.2953,0.2953,0.2936,113972.00,1704106800000
0.2937,0.2940,0.2946,0.2925,227059.00,1704103200000
0.2945,0.2937,0.2951,0.2928,129546.00,1704099600000
0.2937,0.2945,0.2950,0.2934,150074.00,1704096000000
0.2927,0.2937,0.2937,0.2915,158947.00,1704092400000
0.2882,0.2927,0.2933,0.2881,270644.00,1704088800000
0.2897,0.2881,0.2917,0.2879,388078.00,1704085200000
0.2953,0.2896,0.2967,0.2878,1121603.00,1704081600000
0.2998,0.2953,0.3004,0.2940,538287.00,1704078000000
0.3019,0.2998,0.3033,0.2995,241641.00,1704074400000
0.2996,0.3018,0.3025,0.2987,248857.00,1704070800000
0.3001,0.2996,0.3018,0.2984,350932.00,1704067200000
0.2994,0.3001,0.3029,0.2985,522669.00,1704063600000
0.3126,0.2994,0.3131,0.2902,1386400.00,1704060000000
0.3112,0.3126,0.3156,0.3109,221364.00,1704056400000
0.3130,0.3112,0.3144,0.3106,264614.00,1704052800000
0.3147,0.3130,0.3151,0.3124,116413.00,1704049200000
0.3123,0.3148,0.3155,0.3115,167849.00,1704045600000
0.3146,0.3122,0.3156,0.3110,377060.00,1704042000000
0.3120,0.3147,0.3154,0.3113,419467.00,1704038400000
0.3129,0.3121,0.3142,0.3112,136105.00,1704034800000
0.3130,0.3128,0.3136,0.3117,132183.00,1704031200000
0.3126,0.3130,0.3138,0.3107,257353.00,1704027600000
0.3146,0.3127,0.3159,0.3109,182830.00,1704024000000
0.3166,0.3146,0.3171,0.3142,123595.00,1704020400000
0.3163,0.3166,0.3167,0.3149,163212.00,1704016800000
0.3153,0.3163,0.3171,0.3146,168456.00,1704013200000
0.3154,0.3153,0.3163,0.3133,157101.00,1704009600000
0.3125,0.3153,0.3168,0.3122,413394.00,1704006000000
0.3103,0.3125,0.3131,0.3101,117746.00,1704002400000
0.3098,0.3103,0.3114,0.3097,94320.00,1703998800000
0.3105,0.3098,0.3120,0.3087,131032.00,1703995200000
0.3099,0.3104,0.3106,0.3074,161601.00,1703991600000
0.3122,0.3100,0.3134,0.3072,397524.00,1703988000000
0.3138,0.3122,0.3158,0.3120,200284.00,1703984400000
0.3110,0.3137,0.3141,0.3097,180869.00,1703980800000
0.3109,0.3111,0.3129,0.3106,185726.00,1703977200000
0.3135,0.3109,0.3139,0.3092,152400.00,1703973600000
0.3128,0.3136,0.3140,0.3121,95557.00,1703970000000
0.3133,0.3128,0.3136,0.3116,113452.00,1703966400000
0.3138,0.3133,0.3146,0.3123,241805.00,1703962800000
0.3144,0.3138,0.3151,0.3125,153311.00,1703959200000
0.3131,0.3144,0.3155,0.3115,239622.00,1703955600000
0.3136,0.3132,0.3177,0.3124,619600.00,1703952000000
0.3111,0.3135,0.3140,0.3092,236502.00,1703948400000
0.3075,0.3112,0.3119,0.3073,167037.00,1703944800000
0.3080,0.3075,0.3095,0.3062,122298.00,1703941200000
0.3078,0.3079,0.3096,0.3068,138366.00,1703937600000
0.3067,0.3078,0.3082,0.3062,188913.00,1703934000000
0.3044,0.3067,0.3074,0.3040,242771.00,1703930400000
0.3033,0.3044,0.3065,0.3013,306708.00,1703926800000
0.3086,0.3031,0.3118,0.3028,965150.00,1703923200000
0.3099,0.3086,0.3105,0.3073,201219.00,1703919600000
0.3096,0.3098,0.3102,0.3078,155832.00,1703916000000
0.3087,0.3097,0.3100,0.3077,148468.00,1703912400000
0.3064,0.3087,0.3099,0.3064,513385.00,1703908800000
0.3049,0.3065,0.3077,0.3048,244380.00,1703905200000
0.3098,0.3049,0.3104,0.3037,267927.00,1703901600000
0.3089,0.3098,0.3110,0.3079,183768.00,1703898000000
0.3087,0.3089,0.3097,0.3073,172283.00,1703894400000
0.3049,0.3087,0.3089,0.3048,265157.00,1703890800000
0.3066,0.3049,0.3068,0.2994,652409.00,1703887200000
0.3093,0.3066,0.3113,0.3055,324812.00,1703883600000
0.3117,0.3092,0.3118,0.3083,239971.00,1703880000000
0.3103,0.3118,0.3125,0.3084,138654.00,1703876400000
0.3084,0.3103,0.3115,0.3081,336978.00,1703872800000
0.3079,0.3085,0.3109,0.3063,433123.00,1703869200000
0.3126,0.3078,0.3152,0.3073,849034.00,1703865600000
0.3229,0.3126,0.3231,0.3096,850872.00,1703862000000
0.3202,0.3229,0.3230,0.3178,417294.00,1703858400000
0.3187,0.3203,0.3215,0.3175,397458.00,1703854800000
0.3193,0.3186,0.3215,0.3177,306955.00,1703851200000
0.3199,0.3194,0.3241,0.3191,649161.00,1703847600000
0.3209,0.3199,0.3241,0.3198,438093.00,1703844000000
0.3193,0.3208,0.3220,0.3187,243003.00,1703840400000
0.3147,0.3193,0.3194,0.3145,304812.00,1703836800000
0.3208,0.3147,0.3218,0.3135,262718.00,1703833200000
0.3214,0.3208,0.3232,0.3195,207378.00,1703829600000
0.3217,0.3214,0.3229,0.3194,305777.00,1703826000000
0.3201,0.3217,0.3232,0.3190,454187.00,1703822400000
0.3159,0.3201,0.3219,0.3156,615058.00,1703818800000
0.3082,0.3159,0.3161,0.3071,332714.00,1703815200000
0.3092,0.3082,0.3113,0.3039,917785.00,1703811600000
0.3161,0.3092,0.3176,0.3077,977070.00,1703808000000
0.3175,0.3161,0.3187,0.3154,213648.00,1703804400000
0.3140,0.3175,0.3181,0.3128,179914.00,1703800800000
0.3159,0.3140,0.3184,0.3131,290901.00,1703797200000
0.3180,0.3158,0.3181,0.3126,334532.00,1703793600000
0.3148,0.3181,0.3191,0.3146,510532.00,1703790000000
0.3139,0.3147,0.3169,0.3123,213090.00,1703786400000
0.3146,0.3139,0.3179,0.3131,296036.00,1703782800000
0.3164,0.3146,0.3174,0.3123,470931.00,1703779200000
0.3173,0.3165,0.3192,0.3147,570702.00,1703775600000
0.3236,0.3174,0.3240,0.3132,2006397.00,1703772000000
0.3217,0.3236,0.3261,0.3154,1199890.00,1703768400000
0.3290,0.3217,0.3304,0.3214,919248.00,1703764800000
0.3269,0.3289,0.3296,0.3244,346009.00,1703761200000
0.3243,0.3270,0.3280,0.3234,323153.00,1703757600000
0.3241,0.3243,0.3260,0.3232,317323.00,1703754000000
0.3251,0.3241,0.3273,0.3225,490872.00,1703750400000
0.3233,0.3251,0.3251,0.3203,725038.00,1703746800000
0.3318,0.3232,0.3319,0.3211,1101594.00,1703743200000
0.3375,0.3318,0.3390,0.3301,810544.00,1703739600000
0.3385,0.3375,0.3444,0.3373,1154998.00,1703736000000
0.3388,0.3384,0.3400,0.3351,411812.00,1703732400000
0.3430,0.3387,0.3433,0.3381,316118.00,1703728800000
0.3462,0.3430,0.3486,0.3415,480914.00,1703725200000
0.3420,0.3463,0.3483,0.3405,1148714.00,1703721600000
0.3397,0.3421,0.3432,0.3396,331562.00,1703718000000
0.3459,0.3396,0.3464,0.3379,404865.00,1703714400000
0.3454,0.3460,0.3466,0.3439,232823.00,1703710800000
0.3428,0.3455,0.3460,0.3415,367801.00,1703707200000
0.3441,0.3427,0.3452,0.3412,287863.00,1703703600000
0.3444,0.3441,0.3464,0.3412,401029.00,1703700000000
0.3427,0.3443,0.3452,0.3386,522385.00,1703696400000
0.3481,0.3427,0.3490,0.3412,1118423.00,1703692800000
0.3500,0.3481,0.3535,0.3480,654369.00,1703689200000
0.3516,0.3501,0.3537,0.3464,921574.00,1703685600000
0.3498,0.3516,0.3529,0.3479,614234.00,1703682000000
0.3489,0.3498,0.3571,0.3465,1289842.00,1703678400000
0.3508,0.3490,0.3542,0.3474,696921.00,1703674800000
0.3438,0.3509,0.3537,0.3423,774092.00,1703671200000
0.3463,0.3438,0.3464,0.3424,517728.00,1703667600000
0.3397,0.3462,0.3479,0.3390,786408.00,1703664000000
0.3478,0.3397,0.3480,0.3391,704177.00,1703660400000
0.3461,0.3478,0.3530,0.3459,807302.00,1703656800000
0.3398,0.3460,0.3537,0.3391,1421209.00,1703653200000
0.3353,0.3396,0.3429,0.3351,553201.00,1703649600000
0.3373,0.3353,0.3422,0.3333,905200.00,1703646000000
0.3471,0.3373,0.3475,0.3369,1343327.00,1703642400000
0.3566,0.3471,0.3568,0.3471,684779.00,1703638800000
0.3616,0.3567,0.3627,0.3545,733755.00,1703635200000
0.3594,0.3617,0.3630,0.3586,521849.00,1703631600000
0.3567,0.3595,0.3632,0.3553,617343.00,1703628000000
0.3518,0.3567,0.3569,0.3491,389515.00,1703624400000
0.3495,0.3518,0.3543,0.3495,436580.00,1703620800000
0.3531,0.3496,0.3533,0.3483,543628.00,1703617200000
0.3444,0.3530,0.3534,0.3427,1607744.00,1703613600000
0.3539,0.3442,0.3544,0.3266,4154821.00,1703610000000
0.3547,0.3538,0.3611,0.3506,1454468.00,1703606400000
0.3564,0.3546,0.3657,0.3514,2450140.00,1703602800000
0.3548,0.3565,0.3654,0.3498,1860299.00,1703599200000
0.3556,0.3547,0.3601,0.3533,1647975.00,1703595600000
0.3512,0.3556,0.3602,0.3501,1732877.00,1703592000000
0.3418,0.3511,0.3540,0.3390,2068292.00,1703588400000
0.3331,0.3418,0.3424,0.3328,517444.00,1703584800000
0.3395,0.3332,0.3397,0.3282,1217925.00,1703581200000
0.3341,0.3395,0.3420,0.3330,469756.00,1703577600000
0.3299,0.3342,0.3366,0.3281,354616.00,1703574000000
0.3314,0.3300,0.3348,0.3262,1089926.00,1703570400000
0.3464,0.3314,0.3470,0.3281,2230978.00,1703566800000
0.3461,0.3465,0.3470,0.3425,320162.00,1703563200000
0.3438,0.3462,0.3472,0.3423,599167.00,1703559600000
0.3412,0.3439,0.3458,0.3412,245457.00,1703556000000
0.3431,0.3412,0.3469,0.3412,419872.00,1703552400000
0.3441,0.3429,0.3501,0.3423,896471.00,1703548800000
0.3409,0.3441,0.3483,0.3399,744502.00,1703545200000
0.3391,0.3408,0.3416,0.3375,223911.00,1703541600000
0.3386,0.3390,0.3393,0.3355,255617.00,1703538000000
0.3384,0.3387,0.3388,0.3333,452256.00,1703534400000
0.3355,0.3384,0.3386,0.3342,301802.00,1703530800000
0.3336,0.3355,0.3385,0.3333,458738.00,1703527200000
0.3346,0.3334,0.3352,0.3319,282552.00,1703523600000
0.3357,0.3346,0.3367,0.3307,611603.00,1703520000000
0.3404,0.3356,0.3405,0.3337,742053.00,1703516400000
0.3412,0.3406,0.3413,0.3364,678626.00,1703512800000
0.3373,0.3412,0.3419,0.3329,909642.00,1703509200000
0.3352,0.3372,0.3376,0.3325,584140.00,1703505600000
0.3299,0.3351,0.3353,0.3283,642435.00,1703502000000
0.3301,0.3299,0.3305,0.3272,316890.00,1703498400000
0.3298,0.3302,0.3322,0.3266,676872.00,1703494800000
0.3299,0.3297,0.3376,0.3283,729999.00,1703491200000
0.3261,0.3299,0.3302,0.3239,410150.00,1703487600000
0.3236,0.3262,0.3277,0.3232,429563.00,1703484000000
0.3220,0.3236,0.3250,0.3210,413300.00,1703480400000
0.3201,0.3219,0.3235,0.3199,203539.00,1703476800000
0.3221,0.3199,0.3224,0.3193,225516.00,1703473200000
0.3246,0.3221,0.3262,0.3187,403963.00,1703469600000
0.3223,0.3247,0.3272,0.3222,555175.00,1703466000000
0.3231,0.3222,0.3272,0.3187,673034.00,1703462400000
0.3235,0.3230,0.3274,0.3223,413285.00,1703458800000
0.3266,0.3236,0.3274,0.3133,1704110.00,1703455200000
0.3283,0.3267,0.3309,0.3257,379987.00,1703451600000
0.3320,0.3283,0.3321,0.3251,1166243.00,1703448000000
0.3322,0.3319,0.3329,0.3300,321228.00,1703444400000
0.3331,0.3322,0.3343,0.3300,537245.00,1703440800000
0.3343,0.3330,0.3349,0.3318,477812.00,1703437200000
0.3348,0.3343,0.3362,0.3328,543558.00,1703433600000
0.3331,0.3347,0.3382,0.3325,854045.00,1703430000000
0.3352,0.3331,0.3444,0.3315,2263428.00,1703426400000
0.3261,0.3352,0.3401,0.3259,1780211.00,1703422800000
0.3303,0.3261,0.3313,0.3206,1595688.00,1703419200000
0.3253,0.3303,0.3404,0.3245,2481511.00,1703415600000
0.3246,0.3252,0.3260,0.3184,591017.00,1703412000000
0.3246,0.3246,0.3260,0.3216,664434.00,1703408400000
0.3212,0.3246,0.3248,0.3177,365353.00,1703404800000
0.3186,0.3213,0.3223,0.3166,754523.00,1703401200000
0.3185,0.3187,0.3217,0.3152,655677.00,1703397600000
0.3189,0.3184,0.3218,0.3130,765981.00,1703394000000
0.3221,0.3188,0.3232,0.3173,473588.00,1703390400000
0.3210,0.3220,0.3221,0.3179,477927.00,1703386800000
0.3172,0.3211,0.3223,0.3153,704863.00,1703383200000
0.3144,0.3173,0.3186,0.3143,348628.00,1703379600000
0.3160,0.3144,0.3168,0.3129,436192.00,1703376000000
0.3152,0.3160,0.3169,0.3142,573010.00,1703372400000
0.3145,0.3152,0.3162,0.3126,582018.00,1703368800000
0.3177,0.3145,0.3179,0.3139,287659.00,1703365200000
0.3201,0.3176,0.3203,0.3158,414893.00,1703361600000
0.3178,0.3201,0.3204,0.3166,538775.00,1703358000000
0.3173,0.3178,0.3193,0.3162,438394.00,1703354400000
0.3170,0.3172,0.3195,0.3161,654211.00,1703350800000
0.3134,0.3172,0.3194,0.3132,974554.00,1703347200000
0.3112,0.3135,0.3154,0.3109,618238.00,1703343600000
0.3105,0.3112,0.3136,0.3088,924768.00,1703340000000
0.3079,0.3108,0.3109,0.3077,404167.00,1703336400000
0.3064,0.3079,0.3089,0.3057,413867.00,1703332800000
0.3077,0.3064,0.3084,0.3051,346563.00,1703329200000
0.3105,0.3077,0.3115,0.3074,413525.00,1703325600000
0.3063,0.3105,0.3111,0.3049,648205.00,1703322000000
0.3057,0.3064,0.3066,0.3040,522618.00,1703318400000
0.3126,0.3057,0.3130,0.3055,827715.00,1703314800000
0.3123,0.3127,0.3131,0.3108,245494.00,1703311200000
0.3138,0.3122,0.3160,0.3107,390676.00,1703307600000
0.3111,0.3139,0.3157,0.3088,798763.00,1703304000000
0.3178,0.3110,0.3186,0.3087,1489670.00,1703300400000
0.3148,0.3178,0.3215,0.3144,689220.00,1703296800000
0.3241,0.3147,0.3257,0.3143,984197.00,1703293200000
0.3269,0.3241,0.3342,0.3215,1771544.00,1703289600000
0.3282,0.3268,0.3283,0.3241,469662.00,1703286000000
0.3194,0.3283,0.3296,0.3183,1601899.00,1703282400000
0.3183,0.3193,0.3197,0.3168,352363.00,1703278800000
0.3157,0.3183,0.3185,0.3151,459045.00,1703275200000
0.3157,0.3159,0.3165,0.3123,409346.00,1703271600000
0.3141,0.3157,0.3160,0.3133,390479.00,1703268000000
0.3150,0.3140,0.3156,0.3121,398125.00,1703264400000
0.3115,0.3149,0.3158,0.3110,794501.00,1703260800000
0.3118,0.3116,0.3123,0.3077,842999.00,1703257200000
0.3148,0.3117,0.3149,0.3086,736302.00,1703253600000
0.3111,0.3147,0.3152,0.3108,430390.00,1703250000000
0.3188,0.3111,0.3189,0.3109,797359.00,1703246400000
0.3135,0.3189,0.3216,0.3131,872059.00,1703242800000
0.3145,0.3135,0.3169,0.3084,713802.00,1703239200000
0.3134,0.3143,0.3153,0.3083,1017630.00,1703235600000
0.3068,0.3132,0.3173,0.3066,1341889.00,1703232000000
0.3080,0.3069,0.3150,0.3033,1823214.00,1703228400000
0.3086,0.3079,0.3132,0.3060,1095356.00,1703224800000
0.3068,0.3086,0.3087,0.3056,277349.00,1703221200000
0.3074,0.3067,0.3075,0.3043,330373.00,1703217600000
0.3014,0.3074,0.3075,0.2996,959720.00,1703214000000
0.3069,0.3015,0.3079,0.3009,656612.00,1703210400000
0.3080,0.3070,0.3096,0.3068,400588.00,1703206800000
0.3043,0.3080,0.3086,0.3013,739848.00,1703203200000
0.3051,0.3044,0.3056,0.3030,540496.00,1703199600000
0.3057,0.3052,0.3068,0.3040,192305.00,1703196000000
0.3073,0.3057,0.3074,0.3038,552064.00,1703192400000
0.3087,0.3073,0.3095,0.3061,255020.00,1703188800000
0.3064,0.3086,0.3093,0.3054,315577.00,1703185200000
0.3051,0.3065,0.3090,0.3047,505513.00,1703181600000
0.3046,0.3050,0.3079,0.3032,514388.00,1703178000000
0.2999,0.3045,0.3066,0.2999,718714.00,1703174400000
0.3011,0.3000,0.3033,0.2992,457151.00,1703170800000
0.3056,0.3014,0.3056,0.2986,1196836.00,1703167200000
0.3012,0.3056,0.3057,0.2986,590854.00,1703163600000
0.3016,0.3012,0.3032,0.3000,602889.00,1703160000000
0.2994,0.3017,0.3018,0.2987,566477.00,1703156400000
0.2973,0.2996,0.3005,0.2969,401797.00,1703152800000
0.2989,0.2975,0.3004,0.2932,1276463.00,1703149200000
0.3002,0.2989,0.3022,0.2980,532839.00,1703145600000
0.3009,0.3001,0.3014,0.2993,543979.00,1703142000000
0.2970,0.3010,0.3010,0.2965,322685.00,1703138400000
0.2974,0.2970,0.3014,0.2961,608084.00,1703134800000
0.3009,0.2975,0.3016,0.2972,462482.00,1703131200000
0.3025,0.3010,0.3050,0.3002,354707.00,1703127600000
0.3005,0.3024,0.3046,0.2962,854354.00,1703124000000
0.3042,0.3004,0.3043,0.2982,1012136.00,1703120400000
0.3066,0.3041,0.3077,0.3041,513609.00,1703116800000
0.3080,0.3066,0.3081,0.3055,302766.00,1703113200000
0.3062,0.3079,0.3087,0.3051,305160.00,1703109600000
0.3055,0.3063,0.3088,0.3042,374593.00,1703106000000
0.3090,0.3055,0.3103,0.3030,1657699.00,1703102400000
0.3108,0.3091,0.3123,0.3082,770635.00,1703098800000
0.3134,0.3108,0.3153,0.3108,513315.00,1703095200000
0.3163,0.3135,0.3180,0.3133,744206.00,1703091600000
0.3100,0.3165,0.3176,0.3098,998407.00,1703088000000
0.3134,0.3100,0.3179,0.3089,1779950.00,1703084400000
0.3178,0.3135,0.3240,0.3127,2282514.00,1703080800000
0.3128,0.3179,0.3180,0.3128,1151000.00,1703077200000
0.3175,0.3131,0.3194,0.3122,1599547.00,1703073600000
0.3096,0.3175,0.3186,0.3080,1929050.00,1703070000000
0.3081,0.3097,0.3099,0.3053,1038477.00,1703066400000
0.3120,0.3082,0.3160,0.3057,2334584.00,1703062800000
0.3039,0.3120,0.3125,0.3033,1601660.00,1703059200000
0.2983,0.3039,0.3092,0.2981,1589979.00,1703055600000
0.2990,0.2983,0.3018,0.2968,732191.00,1703052000000
0.3012,0.2990,0.3014,0.2963,1589822.00,1703048400000
0.3007,0.3013,0.3039,0.2974,950135.00,1703044800000
0.3002,0.3006,0.3018,0.2967,1199972.00,1703041200000
0.2963,0.3002,0.3036,0.2909,1537520.00,1703037600000
0.2958,0.2963,0.3001,0.2927,1123680.00,1703034000000
0.2879,0.2960,0.2962,0.2866,838654.00,1703030400000
0.2877,0.2880,0.2894,0.2852,841970.00,1703026800000
0.2916,0.2877,0.2918,0.2865,403213.00,1703023200000
0.2904,0.2915,0.2931,0.2902,289517.00,1703019600000
0.2917,0.2905,0.2942,0.2900,509517.00,1703016000000
0.2945,0.2916,0.2953,0.2903,612389.00,1703012400000
0.2902,0.2945,0.2953,0.2886,676749.00,1703008800000
0.2913,0.2900,0.2935,0.2882,1538877.00,1703005200000
0.2954,0.2914,0.2977,0.2892,1342625.00,1703001600000
0.2982,0.2954,0.3156,0.2923,7415146.00,1702998000000
0.2925,0.2980,0.2990,0.2882,2011005.00,1702994400000
0.2882,0.2927,0.3002,0.2881,1332055.00,1702990800000
0.2932,0.2884,0.2959,0.2872,1030351.00,1702987200000
0.2925,0.2932,0.2960,0.2910,720926.00,1702983600000
0.2929,0.2924,0.2962,0.2912,1075699.00,1702980000000
0.2899,0.2930,0.2930,0.2871,1412889.00,1702976400000
0.2914,0.2899,0.2977,0.2879,2795781.00,1702972800000
0.2797,0.2913,0.2940,0.2794,1841910.00,1702969200000
0.2820,0.2798,0.2830,0.2790,594257.00,1702965600000
0.2782,0.2820,0.2826,0.2777,234393.00,1702962000000
0.2780,0.2781,0.2797,0.2767,334098.00,1702958400000
0.2785,0.2780,0.2790,0.2768,308749.00,1702954800000
0.2803,0.2785,0.2812,0.2777,486868.00,1702951200000
0.2777,0.2804,0.2810,0.2762,299315.00,1702947600000
0.2783,0.2777,0.2796,0.2762,352172.00,1702944000000
0.2761,0.2783,0.2784,0.2761,193193.00,1702940400000
0.2768,0.2762,0.2769,0.2748,390738.00,1702936800000
0.2729,0.2768,0.2773,0.2727,486666.00,1702933200000
0.2710,0.2730,0.2738,0.2685,317742.00,1702929600000
0.2700,0.2709,0.2712,0.2694,232732.00,1702926000000
0.2683,0.2700,0.2700,0.2671,227539.00,1702922400000
0.2692,0.2683,0.2707,0.2683,216057.00,1702918800000
0.2669,0.2692,0.2702,0.2648,423864.00,1702915200000
0.2706,0.2668,0.2710,0.2664,593856.00,1702911600000
0.2693,0.2706,0.2725,0.2677,465547.00,1702908000000
0.2624,0.2694,0.2696,0.2622,524412.00,1702904400000
0.2656,0.2623,0.2656,0.2621,394634.00,1702900800000
0.2635,0.2655,0.2659,0.2626,754002.00,1702897200000
0.2644,0.2634,0.2648,0.2550,1754979.00,1702893600000
0.2685,0.2645,0.2689,0.2601,1544912.00,1702890000000
0.2671,0.2684,0.2710,0.2636,797143.00,1702886400000
0.2744,0.2671,0.2746,0.2660,892465.00,1702882800000
0.2727,0.2745,0.2759,0.2712,519845.00,1702879200000
0.2797,0.2727,0.2801,0.2721,714097.00,1702875600000
0.2796,0.2796,0.2804,0.2777,303053.00,1702872000000
0.2761,0.2797,0.2809,0.2758,402922.00,1702868400000
0.2809,0.2762,0.2843,0.2749,1162047.00,1702864800000
0.2895,0.2809,0.2906,0.2807,1105779.00,1702861200000
0.2880,0.2895,0.2930,0.2878,436842.00,1702857600000
0.2907,0.2879,0.2913,0.2862,666490.00,1702854000000
0.2944,0.2906,0.2951,0.2892,424891.00,1702850400000
0.2975,0.2945,0.2979,0.2932,557929.00,1702846800000
0.2970,0.2975,0.2991,0.2953,386684.00,1702843200000
0.2999,0.2969,0.3002,0.2958,820992.00,1702839600000
0.2987,0.2999,0.3005,0.2938,821097.00,1702836000000
0.3023,0.2986,0.3040,0.2981,1292113.00,1702832400000
0.2947,0.3024,0.3025,0.2923,1415217.00,1702828800000
0.2906,0.2947,0.2966,0.2899,1259857.00,1702825200000
0.2928,0.2907,0.2929,0.2859,1323771.00,1702821600000
0.2964,0.2927,0.2964,0.2859,2595646.00,1702818000000
0.3080,0.2963,0.3116,0.2952,3415236.00,1702814400000
0.3012,0.3079,0.3215,0.2938,6777951.00,1702810800000
0.2826,0.3010,0.3035,0.2814,4071454.00,1702807200000
0.2841,0.2826,0.2861,0.2798,425097.00,1702803600000
0.2784,0.2840,0.2849,0.2780,404223.00,1702800000000
0.2789,0.2783,0.2828,0.2777,428029.00,1702796400000
0.2770,0.2790,0.2824,0.2753,772485.00,1702792800000
0.2846,0.2770,0.2857,0.2750,985650.00,1702789200000
0.2837,0.2847,0.2873,0.2837,265880.00,1702785600000
0.2859,0.2837,0.2873,0.2830,435998.00,1702782000000
0.2858,0.2859,0.2937,0.2853,1031033.00,1702778400000
0.2870,0.2858,0.2896,0.2851,511543.00,1702774800000
0.2895,0.2871,0.2900,0.2861,372574.00,1702771200000
0.2901,0.2895,0.2909,0.2874,357473.00,1702767600000
0.2838,0.2901,0.2906,0.2825,615726.00,1702764000000
0.2904,0.2838,0.2917,0.2835,733459.00,1702760400000
0.2820,0.2904,0.2909,0.2819,1274973.00,1702756800000
0.2883,0.2820,0.2897,0.2788,860930.00,1702753200000
0.2834,0.2883,0.2889,0.2798,1654664.00,1702749600000
0.2801,0.2834,0.2844,0.2791,1155019.00,1702746000000
0.2799,0.2801,0.2810,0.2779,385915.00,1702742400000
0.2766,0.2798,0.2800,0.2762,297350.00,1702738800000
0.2769,0.2766,0.2775,0.2752,926472.00,1702735200000
0.2796,0.2769,0.2797,0.2741,877866.00,1702731600000
0.2825,0.2795,0.2825,0.2783,818257.00,1702728000000
0.2766,0.2825,0.2854,0.2766,1765554.00,1702724400000
0.2744,0.2767,0.2770,0.2742,986873.00,1702720800000
0.2715,0.2745,0.2758,0.2714,1677951.00,1702717200000
